;AUC_ROC;AUC_PR;Precision;Recall;F;Precision_at_k;Rprecision;Rrecall;RF;R_AUC_ROC;R_AUC_PR;VUS_ROC;VUS_PR;Affiliation_Precision;Affiliation_Recall
0;0.9244807471196692;0.6951959045676035;0.7918811304263378;0.4036633663366337;0.5347411220775814;0.4036633663366337;0.7616046703720848;0.2928941609865935;0.42308166552387155;0.9892207749757157;0.9471521801916014;0.9734975168303304;0.8950789757610357;0.9697402788814804;0.9824638695883411
